Politicians,Economy,Government,Democracy,Education,Health,FairChance,Legal,Parliament,PeopleAllow
1,50.990099009900995,41.46164238717339,62.30007616146229,63.813110914459834,78.71408993265082,41.46164238717339,100,50.990099009900995,1.1507996953541508
7.439553083995317,55.01858736059479,9.751358523140203,50.92936802973978,1.1226765799256506,41.19298065753583,21.17869254851627,75.46468401486989,100,1
31.03643804864913,85.29360965062871,1.0563421876001224,50.97869883542903,1.0158004009643096,31.311947947136492,1,99.99999999999999,41.43793486875419,1.3995548061680907
