PeopleAllow,Parliament,Economy,Democracy,Education,Health,CitInterest
1.1964285714285714,50.89285714285715,50.89285714285715,50.89285714285715,100,1,70.53571428571428
1,50.890922909163,100,50.890922909163,86.11455556856326,86.11455556856326,83.63030763638768
1,63.186621375480335,100,50.915495167307114,72.22727052086834,58.33303774079425,50.915495167307114
1,78.07025981849331,97.11047606790042,59.030043569086224,99.99999999999999,56.882654083370525,97.11047606790042
1,59.053885680243766,87.59758962104807,73.32573765064592,99.99999999999999,67.68080938692478,73.32573765064592
1.1222222222222222,100,87.77777777777774,75.55555555555554,1,72.05573192239859,25.061287477954146
1,50.890922909163,100,50.890922909163,86.11455556856326,86.11455556856326,83.63030763638768
1,50.890922909163,100,50.890922909163,86.11455556856326,86.11455556856326,83.63030763638768
