PeopleAllow,PeopleInfluence,Parliament,Legal,Police,Politicians,Parties,Economy,Democracy,Education,Health,FairChance,CitInterest,Transparent
10.527444374222197,11.758385259474855,47.0723253376951,58.52817775552677,14.706922814804043,19.161059298827567,1,100,73.47602872070256,7.4307966411303354,46.33753735264921,31.440349994798336,9.972368272202383,40.669837354076336
12.772421089783906,7.473594208965178,94.18655968083678,46.52797199085782,47.88908838586241,10.4476699580144,1,100,75.61506966319102,4.271043915307256,14.705866858822235,51.69890859984327,12.511773592674627,23.77019208767136
4.328258755573247,47.46360839043915,75.5763991835388,100.00000000000001,1.0779161253377396,15.296139289840344,1,92.23883659079563,54.818143329049214,26.06322557950664,3.3497137572134954,2.9935506280549893,21.004341181150256,19.035284052672534
30.068073533033143,22.527148028212167,40.434459617305144,45.37675338595874,99.99999999999999,11.358466381750391,1,97.94621459460899,64.32166437941153,1.0033314582271442,14.995596637056407,64.2866502451374,29.809942442592945,49.904608655345406
26.292335266612877,4.624907173170444,55.76188931960098,80.21002883090249,93.77700334192023,65.71197028067895,1,100,92.30059037643198,12.588917391903435,3.2690018460045853,28.580269219395884,65.24145269618977,19.68964518700442
